sample_id,platform,market,language,author_display,published_at,title,source_url,source_precision,engagement_metric,engagement_count,content_summary,comment_theme,sentiment,journey,category_ip,primary_theme,severity_1_5,product_dev_relevance,opportunity_tag,evidence_level,included_in_analysis,collection_date
"xhs-6a5854930000000011018eb3","小红书","中国","中文","向南","1天前","名创优品招人","https://www.rednote.com/explore/6a5854930000000011018eb3","单条内容页","搜索卡片可见点赞","41","名创优品招人","未读取评论；仅按公开标题/摘要编码","中性","发现/比较","非消费反馈","检索噪声/雇主品牌","2","低","高频任务型单品池与复购验证","B-搜索结果卡片","否","2026-07-18"
"xhs-69f205bb000000001a035cbb","小红书","中国","中文","陳老C","04-29","名创miniso你让我越来越陌生了","https://www.rednote.com/explore/69f205bb000000001a035cbb","单条内容页","点赞/收藏/评论","点赞282;收藏60;评论9","标题表达品牌价格/定位变化；评论同时提到价格上涨、质量尚可、应急购买便利和生活用品齐全。","价格变贵但质量/便利可抵消；用户频繁询价；应急一站购价值突出","混合/待判断","发现/比较","生活日用","性价比与价格锚点","3","高","价格带-功能价值联合测试","A-详情页含公开评论","是","2026-07-18"
"xhs-69a81a75000000001a02b122","小红书","中国","中文","大发ciel","03-04","miniso名创优品必买清单（无广分享）","https://www.rednote.com/explore/69a81a75000000001a02b122","单条内容页","搜索卡片可见点赞","2088","miniso名创优品必买清单（无广分享）","未读取评论；仅按公开标题/摘要编码","正向","发现/比较","生活日用","高频使用与复购价值","2","高","高频任务型单品池与复购验证","B-搜索结果卡片","是","2026-07-18"
"xhs-68e8db7000000000070177fb","小红书","中国","中文","Ariel","2025-10-10","横琴口岸超大名创优品开业啦！","https://www.rednote.com/explore/68e8db7000000000070177fb","单条内容页","搜索卡片可见点赞","96","横琴口岸超大名创优品开业啦！","未读取评论；仅按公开标题/摘要编码","中性","到店体验","门店体验","门店分级与逛店体验","2","高","店型承诺、货盘与陈列一致性检查","B-搜索结果卡片","是","2026-07-18"
"xhs-6a5778a9000000001702d6fa","小红书","中国","中文","郑郑拾物记","2天前","学生党去Miniso值得入手的一些小单品","https://www.rednote.com/explore/6a5778a9000000001702d6fa","单条内容页","搜索卡片可见点赞","17","学生党去Miniso值得入手的一些小单品","未读取评论；仅按公开标题/摘要编码","正向","发现/比较","综合/其他","产品发现与购买决策","2","中","高频任务型单品池与复购验证","B-搜索结果卡片","是","2026-07-18"
"xhs-6a1e66ce000000003700ff4d","小红书","中国","中文","喜欢天晴～","06-02","一些被低估的名创优品好物（20r内","https://www.rednote.com/explore/6a1e66ce000000003700ff4d","单条内容页","搜索卡片可见点赞","145","一些被低估的名创优品好物（20r内","未读取评论；仅按公开标题/摘要编码","正向","发现/比较","生活日用","高频使用与复购价值","2","高","高频任务型单品池与复购验证","B-搜索结果卡片","是","2026-07-18"
"xhs-69f1bc4d000000003502f5eb","小红书","中国","中文","罗小黑","04-29","名创优品99-40 券|购物清单","https://www.rednote.com/explore/69f1bc4d000000003502f5eb","单条内容页","搜索卡片可见点赞","82","名创优品99-40 券|购物清单","未读取评论；仅按公开标题/摘要编码","中性","购买中","生活日用","促销门槛与价格敏感","2","高","促销规则模拟器与可解释凑单方案","B-搜索结果卡片","是","2026-07-18"
"xhs-69bd3b1a000000002800b200","小红书","中国","中文","冬至会下雪","03-29","大厂小白勇闯名创总部的第一周实习plog🤲🏻","https://www.rednote.com/explore/69bd3b1a000000002800b200","单条内容页","搜索卡片可见点赞","319","大厂小白勇闯名创总部的第一周实习plog🤲🏻","未读取评论；仅按公开标题/摘要编码","中性","发现/比较","非消费反馈","检索噪声/雇主品牌","2","低","高频任务型单品池与复购验证","B-搜索结果卡片","否","2026-07-18"
"xhs-688369540000000010011c90","小红书","中国","中文","抹茶栗子","2025-07-25","名创优品无限回购的好物清单：","https://www.rednote.com/explore/688369540000000010011c90","单条内容页","点赞/收藏/评论","点赞1514;收藏580;评论14","跨品类无限回购清单，评论围绕单价、睫毛夹、杯子、护手霜和IP设计。","强询价；功能好用带来回购；IP联名好看但仍需实用","正向","发现/比较","生活日用","高频使用与复购价值","2","高","高频任务型单品池与复购验证","A-详情页含公开评论","是","2026-07-18"
"xhs-6a368d1f00000000060319bb","小红书","中国","中文","小猫碎碎冰","06-20","🧺miniso值得买的9件好物2.0(无广附价格)","https://www.rednote.com/explore/6a368d1f00000000060319bb","单条内容页","搜索卡片可见点赞","247","🧺miniso值得买的9件好物2.0(无广附价格)","未读取评论；仅按公开标题/摘要编码","正向","发现/比较","生活日用","高频使用与复购价值","2","高","高频任务型单品池与复购验证","B-搜索结果卡片","是","2026-07-18"
"xhs-68f4aaed0000000004020caf","小红书","中国","中文","番茄沾土豆","2025-10-19","✍🏻存一些在名创优品反复回购的好物清单","https://www.rednote.com/explore/68f4aaed0000000004020caf","单条内容页","搜索卡片可见点赞","203","✍🏻存一些在名创优品反复回购的好物清单","未读取评论；仅按公开标题/摘要编码","正向","发现/比较","生活日用","高频使用与复购价值","2","高","高频任务型单品池与复购验证","B-搜索结果卡片","是","2026-07-18"
"xhs-6a5719b6000000000f0319e1","小红书","中国","中文","yamapdida","1天前","东北首家MINISO FRIENDS落地中央大街！","https://www.rednote.com/explore/6a5719b6000000000f0319e1","单条内容页","点赞/收藏/评论","点赞346;收藏75;评论80","东北首家FRIENDS试营业测评指出门店偏小、货品不够丰富、限量盲盒标识不清，体验弱于LAND。","店型分级困惑；限定品/库存询问；FRIENDS与LAND货盘差异；正式开业预期","混合/待判断","到店体验","门店体验","门店分级与逛店体验","4","高","店型承诺、货盘与陈列一致性检查","A-详情页含公开评论","是","2026-07-18"
"xhs-692547cb000000001e039226","小红书","中国","中文","微醺啤酒鸭","2025-12-05","均价20💰！穷鬼名创彩妆！真好用还是大踩雷？","https://www.rednote.com/explore/692547cb000000001e039226","单条内容页","点赞/收藏/评论","点赞3333;收藏1699;评论81","均价约20元的名创彩妆集中测评，关注是否真正好用而非仅便宜。","评论未稳定加载；以正文和互动量作为证据","混合/待判断","发现/比较","彩妆个护","效果、色号与新手友好","3","高","色号、肤质与新手任务场景共创","A-详情页含公开评论","是","2026-07-18"
"xhs-6a58d1bf000000000f03eee0","小红书","中国","中文","香菜耶啵bo","1天前","名创优品99➖40我都买了哪些东西","https://www.rednote.com/explore/6a58d1bf000000000f03eee0","单条内容页","搜索卡片可见点赞","26","名创优品99➖40我都买了哪些东西","未读取评论；仅按公开标题/摘要编码","中性","发现/比较","综合/其他","产品发现与购买决策","2","中","高频任务型单品池与复购验证","B-搜索结果卡片","是","2026-07-18"
"xhs-69959b00000000001b01e498","小红书","中国","中文","北京MINISOFRIENDS","03-21","轻松小熊和角落生物和大家见面啦！","https://www.rednote.com/explore/69959b00000000001b01e498","单条内容页","点赞/收藏/评论","点赞3770;收藏436;评论260","轻松小熊与角落生物在北京MINISO FRIENDS集中陈列，互动量高。","评论未稳定加载；地点和角色组合是主要传播信息","正向","发现/比较","IP潮玩","角色偏好与IP情绪价值","2","高","按角色而非系列预测需求","A-详情页含公开评论","是","2026-07-18"
"xhs-691b121d00000000070328c1","小红书","中国","中文","是小苏吖","2025-12-11","200💰在名创搞定全套彩妆！真消费才敢说真话","https://www.rednote.com/explore/691b121d00000000070328c1","单条内容页","点赞/收藏/评论","点赞551;收藏340;评论34","约200元完成全套彩妆，强调真实消费和学生党可负担。","色号选择、修容下手轻重、腮红液新手门槛、完整教程需求","正向","发现/比较","彩妆个护","效果、色号与新手友好","2","高","色号、肤质与新手任务场景共创","A-详情页含公开评论","是","2026-07-18"
"xhs-692c36bf000000001e0304ea","小红书","中国","中文","柚可斑斑","2025-11-30","赶个末班车！名创优品99-40买什么！","https://www.rednote.com/explore/692c36bf000000001e0304ea","单条内容页","搜索卡片可见点赞","729","赶个末班车！名创优品99-40买什么！","未读取评论；仅按公开标题/摘要编码","中性","购买中","促销与价格","促销门槛与价格敏感","2","高","促销规则模拟器与可解释凑单方案","B-搜索结果卡片","是","2026-07-18"
"xhs-69c3bde4000000001f000d99","小红书","中国","中文","穷人又在歹毒地消费bot","03-25","求名创优品必吃榜！！！","https://www.rednote.com/explore/69c3bde4000000001f000d99","单条内容页","点赞/收藏/评论","点赞4351;收藏2665;评论611","开放式必买榜征集产生高密度真实使用反馈，跨耳机、浴巾、梳子、香氛、彩妆和毛绒。","耳机耐用、浴巾快干、梳子长期复购、眼线笔高复购、淡香推荐、毛绒角色吸引","正向","发现/比较","综合/其他","高频使用与复购价值","2","高","高频任务型单品池与复购验证","A-详情页含公开评论","是","2026-07-18"
"xhs-69fdcd8400000000350206ab","小红书","中国","中文","圆脸咪的聪明草","05-08","🎉周五了！浅逛一下MINISO吧！","https://www.rednote.com/explore/69fdcd8400000000350206ab","单条内容页","搜索卡片可见点赞","47","🎉周五了！浅逛一下MINISO吧！","未读取评论；仅按公开标题/摘要编码","中性","发现/比较","综合/其他","产品发现与购买决策","2","中","高频任务型单品池与复购验证","B-搜索结果卡片","是","2026-07-18"
"xhs-6975ca75000000002200baa8","小红书","中国","中文","miroserene","01-25","名创优品百元左右能买到啥实用养生好物","https://www.rednote.com/explore/6975ca75000000002200baa8","单条内容页","搜索卡片可见点赞","202","名创优品百元左右能买到啥实用养生好物","未读取评论；仅按公开标题/摘要编码","正向","发现/比较","生活日用","高频使用与复购价值","2","高","高频任务型单品池与复购验证","B-搜索结果卡片","是","2026-07-18"
"xhs-6a55f220000000000702a5be","小红书","中国","中文","企百科","3天前","名创优品就“视频出现窥视女住户情节”致歉","https://www.rednote.com/explore/6a55f220000000000702a5be","单条内容页","搜索卡片可见点赞","122","名创优品就“视频出现窥视女住户情节”致歉","未读取评论；仅按公开标题/摘要编码","中性","发现/比较","综合/其他","产品发现与购买决策","2","中","高频任务型单品池与复购验证","B-搜索结果卡片","是","2026-07-18"
"xhs-6a16d89a0000000006035762","小红书","中国","中文","小奶栗（联动版）","05-27","森贝儿联名上新啦！这波联名真的好萌！","https://www.rednote.com/explore/6a16d89a0000000006035762","单条内容页","搜索卡片可见点赞","1390","森贝儿联名上新啦！这波联名真的好萌！","未读取评论；仅按公开标题/摘要编码","正向","发现/比较","IP潮玩","角色偏好与IP情绪价值","2","高","按角色而非系列预测需求","B-搜索结果卡片","是","2026-07-18"
"xhs-68f1ff0600000000070097f5","小红书","中国","中文","小张莓烦恼","2025-11-07","✍️写一期在miniso买到的满意好物～平价实用","https://www.rednote.com/explore/68f1ff0600000000070097f5","单条内容页","搜索卡片可见点赞","650","✍️写一期在miniso买到的满意好物～平价实用","未读取评论；仅按公开标题/摘要编码","正向","发现/比较","生活日用","高频使用与复购价值","2","高","高频任务型单品池与复购验证","B-搜索结果卡片","是","2026-07-18"
"xhs-6a0fc757000000003700c989","小红书","中国","中文","呱呱爱吃瓜","05-27","5.22chiikawa名创现况！！！！乌萨奇我来啦！！！！","https://www.rednote.com/explore/6a0fc757000000003700c989","单条内容页","点赞/收藏/评论","点赞1298;收藏167;评论57","Chiikawa联名到店实况，角色偏好、价格、门店地址和预约规则是主要问题。","乌萨奇/小八角色偏好；69.9/99元询价；正佳广场地址；预约和到货信息","正向","购买前/到店","IP潮玩","可获得性与库存透明","3","高","区域-门店-角色级库存热力与补货预警","A-详情页含公开评论","是","2026-07-18"
"xhs-696cb95e000000002103213b","小红书","中国","中文","丧心病狂省钱bot","01-18","【207】穷鬼求名创优品必买榜","https://www.rednote.com/explore/696cb95e000000002103213b","单条内容页","搜索卡片可见点赞","1863","【207】穷鬼求名创优品必买榜","未读取评论；仅按公开标题/摘要编码","正向","发现/比较","生活日用","高频使用与复购价值","2","高","高频任务型单品池与复购验证","B-搜索结果卡片","是","2026-07-18"
"xhs-6a5a19850000000010024a24","小红书","中国","中文","阿拉噜咪🍯","昨天 20:04","玩具总动员搪胶盲盒上线📦","https://www.rednote.com/explore/6a5a19850000000010024a24","单条内容页","搜索卡片可见点赞","7","玩具总动员搪胶盲盒上线📦","未读取评论；仅按公开标题/摘要编码","中性","发现/比较","IP潮玩","角色偏好与IP情绪价值","2","高","按角色而非系列预测需求","B-搜索结果卡片","是","2026-07-18"
"xhs-6a59ad63000000000f00ba14","小红书","中国","中文","神奇土豆丝","昨天 12:19","今天的快乐是名创优品99-40给的","https://www.rednote.com/explore/6a59ad63000000000f00ba14","单条内容页","搜索卡片可见点赞","3","今天的快乐是名创优品99-40给的","未读取评论；仅按公开标题/摘要编码","正向","购买中","促销与价格","促销门槛与价格敏感","2","高","促销规则模拟器与可解释凑单方案","B-搜索结果卡片","是","2026-07-18"
"xhs-6a5735400000000006021cc2","小红书","中国","中文","碎银杂货铺","2天前","离谱！名创优品再次翻车道歉🙅‍♀️","https://www.rednote.com/explore/6a5735400000000006021cc2","单条内容页","搜索卡片可见点赞","7","离谱！名创优品再次翻车道歉🙅‍♀️","未读取评论；仅按公开标题/摘要编码","负向","发现/比较","品牌与服务","品牌价值观与内容审核","4","中","营销内容安全审查Agent","B-搜索结果卡片","是","2026-07-18"
"xhs-6964d649000000001a022148","小红书","中国","中文","樱桃布丁山","01-16","MUJI？名创？傻傻分不清楚（测评已出）","https://www.rednote.com/explore/6964d649000000001a022148","单条内容页","点赞/收藏/评论","点赞2872;收藏533;评论340","与MUJI收纳包对比，名创价格约为一半，但做工、内衬和原创性引发争议。","反对抄袭；一分钱一分货；名创19.9元价格优势；外观相似但细节有差","混合/待判断","使用后/售后","生活日用","原创性/真伪信任","4","中","原创设计相似性审查与差异化门槛","A-详情页含公开评论","是","2026-07-18"
"xhs-69ecaaba00000000370362f6","小红书","中国","中文","一米六的呆呆鱼","05-04","miniso 你悄悄上新！太好看啦","https://www.rednote.com/explore/69ecaaba00000000370362f6","单条内容页","搜索卡片可见点赞","195","miniso 你悄悄上新！太好看啦","未读取评论；仅按公开标题/摘要编码","正向","发现/比较","综合/其他","产品发现与购买决策","2","中","高频任务型单品池与复购验证","B-搜索结果卡片","是","2026-07-18"
"xhs-68d4a758000000000b01208f","小红书","中国","中文","冲浪兔兔王（资讯版）","2025-09-25","报！名创优品✖森贝儿联动新盲盒啦‼","https://www.rednote.com/explore/68d4a758000000000b01208f","单条内容页","搜索卡片可见点赞","2895","报！名创优品✖森贝儿联动新盲盒啦‼","未读取评论；仅按公开标题/摘要编码","中性","发现/比较","IP潮玩","角色偏好与IP情绪价值","2","高","按角色而非系列预测需求","B-搜索结果卡片","是","2026-07-18"
"xhs-69be4b09000000001a02742a","小红书","中国","中文","jgy","03-21","Miniso零食脑袋集合！这三款我替你们尝过啦～","https://www.rednote.com/explore/69be4b09000000001a02742a","单条内容页","搜索卡片可见点赞","238","Miniso零食脑袋集合！这三款我替你们尝过啦～","未读取评论；仅按公开标题/摘要编码","中性","发现/比较","食品","口味发现与榜单需求","2","中","口味投票与小批量区域试销","B-搜索结果卡片","是","2026-07-18"
"xhs-6a584922000000001303f68d","小红书","中国","中文","爱分享的momo","1天前","名创99-65 二刷","https://www.rednote.com/explore/6a584922000000001303f68d","单条内容页","搜索卡片可见点赞","10","名创99-65 二刷","未读取评论；仅按公开标题/摘要编码","中性","购买中","促销与价格","促销门槛与价格敏感","2","高","促销规则模拟器与可解释凑单方案","B-搜索结果卡片","是","2026-07-18"
"xhs-6a5835180000000010027872","小红书","中国","中文","喵呜喵呜","1天前","名创优品99-65详细凑单流程（全年通用）","https://www.rednote.com/explore/6a5835180000000010027872","单条内容页","搜索卡片可见点赞","10","名创优品99-65详细凑单流程（全年通用）","未读取评论；仅按公开标题/摘要编码","中性","购买中","促销与价格","促销门槛与价格敏感","2","高","促销规则模拟器与可解释凑单方案","B-搜索结果卡片","是","2026-07-18"
"xhs-69be2db90000000023020a40","小红书","中国","中文","RubyFox_","03-21","名创Jennie必买推荐！","https://www.rednote.com/explore/69be2db90000000023020a40","单条内容页","搜索卡片可见点赞","2634","名创Jennie必买推荐！","未读取评论；仅按公开标题/摘要编码","正向","发现/比较","IP潮玩","高频使用与复购价值","2","高","按角色而非系列预测需求","B-搜索结果卡片","是","2026-07-18"
"xhs-6a382d4f000000001102fb2c","小红书","中国","中文","挖到宝了","4天前","名创优品小方糖水性指甲油 江坂丽奈色？","https://www.rednote.com/explore/6a382d4f000000001102fb2c","单条内容页","搜索卡片可见点赞","188","名创优品小方糖水性指甲油 江坂丽奈色？","未读取评论；仅按公开标题/摘要编码","中性","发现/比较","彩妆个护","效果、色号与新手友好","2","高","色号、肤质与新手任务场景共创","B-搜索结果卡片","是","2026-07-18"
"xhs-6a55b997000000001700a782","小红书","中国","中文","知鸥","昨天 11:20","7.17名创优品99-40叠加凑单教程来啦","https://www.rednote.com/explore/6a55b997000000001700a782","单条内容页","搜索卡片可见点赞","5","7.17名创优品99-40叠加凑单教程来啦","未读取评论；仅按公开标题/摘要编码","中性","购买中","促销与价格","促销门槛与价格敏感","2","高","促销规则模拟器与可解释凑单方案","B-搜索结果卡片","是","2026-07-18"
"xhs-6a310f170000000011007170","小红书","中国","中文","fjch","06-16","商超兼职对比｜这几家时薪一目了然！打工人","https://www.rednote.com/explore/6a310f170000000011007170","单条内容页","搜索卡片可见点赞","1080","商超兼职对比｜这几家时薪一目了然！打工人","未读取评论；仅按公开标题/摘要编码","混合/待判断","发现/比较","非消费反馈","检索噪声/雇主品牌","3","低","高频任务型单品池与复购验证","B-搜索结果卡片","否","2026-07-18"
"xhs-6a570b730000000021019c69","小红书","中国","中文","Cure","1天前","名创优品7月下旬急招｜综合折算260/天","https://www.rednote.com/explore/6a570b730000000021019c69","单条内容页","搜索卡片可见点赞","121","名创优品7月下旬急招｜综合折算260/天","未读取评论；仅按公开标题/摘要编码","中性","发现/比较","综合/其他","产品发现与购买决策","2","中","高频任务型单品池与复购验证","B-搜索结果卡片","是","2026-07-18"
"xhs-6a58434d000000000f03eef0","小红书","中国","中文","成为瘦子的一天","昨天 11:04","名创优品99-65，新的详细流程（7.17-7.21）","https://www.rednote.com/explore/6a58434d000000000f03eef0","单条内容页","搜索卡片可见点赞","5","名创优品99-65，新的详细流程（7.17-7.21）","未读取评论；仅按公开标题/摘要编码","中性","购买中","促销与价格","促销门槛与价格敏感","2","高","促销规则模拟器与可解释凑单方案","B-搜索结果卡片","是","2026-07-18"
"xhs-6a58788a000000001303d582","小红书","中国","中文","今日发现bot","昨天 12:40","不会还有人错过名创优品99-65吧？","https://www.rednote.com/explore/6a58788a000000001303d582","单条内容页","搜索卡片可见点赞","1","不会还有人错过名创优品99-65吧？","未读取评论；仅按公开标题/摘要编码","中性","购买中","促销与价格","促销门槛与价格敏感","2","高","促销规则模拟器与可解释凑单方案","B-搜索结果卡片","是","2026-07-18"
"xhs-6a5858c1000000001002af09","小红书","中国","中文","番茄炒蛋","2分钟前","名创99-65终于搞懂了！","https://www.rednote.com/explore/6a5858c1000000001002af09","单条内容页","搜索卡片可见点赞","39","名创99-65终于搞懂了！","未读取评论；仅按公开标题/摘要编码","中性","购买中","促销与价格","促销门槛与价格敏感","2","高","促销规则模拟器与可解释凑单方案","B-搜索结果卡片","是","2026-07-18"
"xhs-6a1c244f000000003502498c","小红书","中国","中文","吃不饱的小张","06-03","名创优品，2026年度好用物合集，均价10块！","https://www.rednote.com/explore/6a1c244f000000003502498c","单条内容页","点赞/收藏/评论","点赞662;收藏318;评论11","均价10元左右的年度好用物，集中在彩妆、降温、出行和梳子。","冰凉贴/湿巾、牙线棒、出行便携品；用户补充手机降温场景","正向","发现/比较","生活日用","高频使用与复购价值","2","高","高频任务型单品池与复购验证","A-详情页含公开评论","是","2026-07-18"
"xhs-69f444f4000000003502e7cc","小红书","中国","中文","里江","05-01","名创优品旅行用物必买小清单","https://www.rednote.com/explore/69f444f4000000003502e7cc","单条内容页","搜索卡片可见点赞","301","名创优品旅行用物必买小清单","未读取评论；仅按公开标题/摘要编码","正向","发现/比较","生活日用","高频使用与复购价值","2","高","高频任务型单品池与复购验证","B-搜索结果卡片","是","2026-07-18"
"xhs-6a1cfc4f00000000070282b0","小红书","中国","中文","YIYi🌷（见过热巴版）","06-01","名创优品夯爆了！","https://www.rednote.com/explore/6a1cfc4f00000000070282b0","单条内容页","搜索卡片可见点赞","284","名创优品夯爆了！","未读取评论；仅按公开标题/摘要编码","正向","发现/比较","综合/其他","产品发现与购买决策","2","中","高频任务型单品池与复购验证","B-搜索结果卡片","是","2026-07-18"
"xhs-6a57806a0000000011016f89","小红书","中国","中文","浮生","2天前","名创优品 实习生/暑期实习","https://www.rednote.com/explore/6a57806a0000000011016f89","单条内容页","搜索卡片可见点赞","25","名创优品 实习生/暑期实习","未读取评论；仅按公开标题/摘要编码","中性","发现/比较","非消费反馈","检索噪声/雇主品牌","2","低","高频任务型单品池与复购验证","B-搜索结果卡片","否","2026-07-18"
"xhs-6a5367a90000000021009dae","小红书","中国","中文","生耶小熊（资讯版）","5天前","报‼️名创×拓麻歌子快闪活动攻略一览‼️","https://www.rednote.com/explore/6a5367a90000000021009dae","单条内容页","搜索卡片可见点赞","1397","报‼️名创×拓麻歌子快闪活动攻略一览‼️","未读取评论；仅按公开标题/摘要编码","中性","发现/比较","IP潮玩","角色偏好与IP情绪价值","2","高","按角色而非系列预测需求","B-搜索结果卡片","是","2026-07-18"
"xhs-6a59a00f000000000100c9a4","小红书","中国","中文","A～","昨天 11:22","名创优品99-40叠加凑单教程来啦","https://www.rednote.com/explore/6a59a00f000000000100c9a4","单条内容页","搜索卡片可见点赞","2","名创优品99-40叠加凑单教程来啦","未读取评论；仅按公开标题/摘要编码","中性","购买中","促销与价格","促销门槛与价格敏感","2","高","促销规则模拟器与可解释凑单方案","B-搜索结果卡片","是","2026-07-18"
"xhs-6a5991fe000000001d00f066","小红书","中国","中文","神奇土豆丝","昨天 10:22","名创优品99-40超夯来袭～","https://www.rednote.com/explore/6a5991fe000000001d00f066","单条内容页","搜索卡片可见点赞","1","名创优品99-40超夯来袭～","未读取评论；仅按公开标题/摘要编码","正向","购买中","促销与价格","促销门槛与价格敏感","2","高","促销规则模拟器与可解释凑单方案","B-搜索结果卡片","是","2026-07-18"
"xhs-69ae9d7f000000002800a42c","小红书","中国","中文","Lulu🐈","03-09","名创优品唇釉推荐！！！","https://www.rednote.com/explore/69ae9d7f000000002800a42c","单条内容页","搜索卡片可见点赞","783","名创优品唇釉推荐！！！","未读取评论；仅按公开标题/摘要编码","中性","发现/比较","彩妆个护","高频使用与复购价值","2","高","色号、肤质与新手任务场景共创","B-搜索结果卡片","是","2026-07-18"
"xhs-6a583f930000000013025031","小红书","中国","中文","蛋是挞不爱我","1天前","名创优品99-40抄作业（kt粉版）","https://www.rednote.com/explore/6a583f930000000013025031","单条内容页","搜索卡片可见点赞","6","名创优品99-40抄作业（kt粉版）","未读取评论；仅按公开标题/摘要编码","中性","购买中","促销与价格","促销门槛与价格敏感","2","高","促销规则模拟器与可解释凑单方案","B-搜索结果卡片","是","2026-07-18"
"xhs-6a085823000000000702e0de","小红书","中国","中文","甜橙少女🍊","05-16","不敢信！名创全家桶自带淡人苹果香|无广","https://www.rednote.com/explore/6a085823000000000702e0de","单条内容页","点赞/收藏/评论","点赞584;收藏326;评论20","苹果香全家桶以无广、淡香、夏日香氛为主要卖点。","评论未稳定加载；收藏高于点赞的一半，显示购买参考价值","正向","发现/比较","香氛","香型偏好与预期管理","2","高","香型描述标准化与小样/试闻验证","A-详情页含公开评论","是","2026-07-18"
"xhs-6a58b2d8000000000101ef43","小红书","中国","中文","圆圆（接offer版）","1天前","名创优品急招暑期实习日薪260，速冲！！","https://www.rednote.com/explore/6a58b2d8000000000101ef43","单条内容页","搜索卡片可见点赞","2","名创优品急招暑期实习日薪260，速冲！！","未读取评论；仅按公开标题/摘要编码","中性","发现/比较","非消费反馈","检索噪声/雇主品牌","2","低","高频任务型单品池与复购验证","B-搜索结果卡片","否","2026-07-18"
"xhs-6a0096d5000000003700c839","小红书","中国","中文","半夜想吃酱香猪蹄","05-10","名创优品Hello Kitty香薰盲盒4连拆！🤩","https://www.rednote.com/explore/6a0096d5000000003700c839","单条内容页","点赞/收藏/评论","点赞213;收藏62;评论6","Hello Kitty香薰盲盒四连拆，卖点叠加毛绒、录音、变色与淡香。","评论未稳定加载；正文显示多感官/可玩功能提升盲盒价值","正向","发现/比较","香氛","香型偏好与预期管理","2","高","香型描述标准化与小样/试闻验证","A-详情页含公开评论","是","2026-07-18"
"xhs-6a1900d20000000007028068","小红书","中国","中文","臣妾做不到","05-31","miniso×chiikawa×三丽鸥上新啦","https://www.rednote.com/explore/6a1900d20000000007028068","单条内容页","搜索卡片可见点赞","51","miniso×chiikawa×三丽鸥上新啦","未读取评论；仅按公开标题/摘要编码","中性","发现/比较","IP潮玩","角色偏好与IP情绪价值","2","高","按角色而非系列预测需求","B-搜索结果卡片","是","2026-07-18"
"xhs-6a59d986000000000100c0d6","小红书","中国","中文","跳舞拿铁","昨天 15:28","中央大街又登陆一家，这次是MINISO LAND","https://www.rednote.com/explore/6a59d986000000000100c0d6","单条内容页","搜索卡片可见点赞","82","中央大街又登陆一家，这次是MINISO LAND","未读取评论；仅按公开标题/摘要编码","中性","到店体验","门店体验","门店分级与逛店体验","2","高","店型承诺、货盘与陈列一致性检查","B-搜索结果卡片","是","2026-07-18"
"xhs-69d8c94f000000002302245e","小红书","中国","中文","美到不睡觉","04-12","逛过百次名创优品总结出来的必买清单🧾","https://www.rednote.com/explore/69d8c94f000000002302245e","单条内容页","搜索卡片可见点赞","48","逛过百次名创优品总结出来的必买清单🧾","未读取评论；仅按公开标题/摘要编码","正向","发现/比较","生活日用","高频使用与复购价值","2","高","高频任务型单品池与复购验证","B-搜索结果卡片","是","2026-07-18"
"xhs-6a58ae58000000000100c8f2","小红书","中国","中文","奶瓶吃不饱","1天前","哈尔滨中央大街！！新开的！好震撼啊啊！！","https://www.rednote.com/explore/6a58ae58000000000100c8f2","单条内容页","搜索卡片可见点赞","78","哈尔滨中央大街！！新开的！好震撼啊啊！！","未读取评论；仅按公开标题/摘要编码","中性","到店体验","门店体验","门店分级与逛店体验","2","高","店型承诺、货盘与陈列一致性检查","B-搜索结果卡片","是","2026-07-18"
"xhs-6a4e04fd0000000022018fc5","小红书","中国","中文","水色真","07-08","今天发现名创优品竟然99-65","https://www.rednote.com/explore/6a4e04fd0000000022018fc5","单条内容页","搜索卡片可见点赞","","今天发现名创优品竟然99-65","未读取评论；仅按公开标题/摘要编码","中性","购买中","促销与价格","促销门槛与价格敏感","2","高","促销规则模拟器与可解释凑单方案","B-搜索结果卡片","是","2026-07-18"
"xhs-6a58ab8c000000000101fac0","小红书","中国","中文","你的乌龙桃桃","1天前","名创优品99-65已买不欠，攻略奉上","https://www.rednote.com/explore/6a58ab8c000000000101fac0","单条内容页","搜索卡片可见点赞","1","名创优品99-65已买不欠，攻略奉上","未读取评论；仅按公开标题/摘要编码","中性","购买中","促销与价格","促销门槛与价格敏感","2","高","促销规则模拟器与可解释凑单方案","B-搜索结果卡片","是","2026-07-18"
"xhs-698ef73f000000000a029fb4","小红书","中国","中文","叁叁柒337","02-13","北京Miniso Friends能逛好久啊🚬","https://www.rednote.com/explore/698ef73f000000000a029fb4","单条内容页","搜索卡片可见点赞","126","北京Miniso Friends能逛好久啊🚬","未读取评论；仅按公开标题/摘要编码","中性","发现/比较","综合/其他","产品发现与购买决策","2","中","高频任务型单品池与复购验证","B-搜索结果卡片","是","2026-07-18"
"xhs-6a58e88d00000000130270bd","小红书","中国","中文","抹茶世界第一","1天前","名创优品99-40","https://www.rednote.com/explore/6a58e88d00000000130270bd","单条内容页","搜索卡片可见点赞","5","名创优品99-40","未读取评论；仅按公开标题/摘要编码","中性","购买中","促销与价格","促销门槛与价格敏感","2","高","促销规则模拟器与可解释凑单方案","B-搜索结果卡片","是","2026-07-18"
"xhs-6a59d82b000000001102c860","小红书","中国","中文","毛豆大王","昨天 15:22","名创优品你变了","https://www.rednote.com/explore/6a59d82b000000001102c860","单条内容页","搜索卡片可见点赞","7","名创优品你变了","未读取评论；仅按公开标题/摘要编码","中性","发现/比较","综合/其他","产品发现与购买决策","2","中","高频任务型单品池与复购验证","B-搜索结果卡片","是","2026-07-18"
"xhs-69fdc3110000000038034acd","小红书","中国","中文","咖啡不加冰","05-08","名创优品不超过20r的自用好物分享","https://www.rednote.com/explore/69fdc3110000000038034acd","单条内容页","搜索卡片可见点赞","734","名创优品不超过20r的自用好物分享","未读取评论；仅按公开标题/摘要编码","正向","发现/比较","生活日用","高频使用与复购价值","2","高","高频任务型单品池与复购验证","B-搜索结果卡片","是","2026-07-18"
"xhs-6a033df40000000036018774","小红书","中国","中文","我草莓招了","05-12","MINISO风扇二选一","https://www.rednote.com/explore/6a033df40000000036018774","单条内容页","点赞/收藏/评论","点赞96;收藏11;评论42","两款小风扇二选一，体现参数和场景比较信息不足。","评论未稳定加载；需要结构化对比续航、噪音、风量和便携性","混合/待判断","发现/比较","数码小电","产品发现与购买决策","3","中","建立可比较的功能参数与场景验证卡","A-详情页含公开评论","是","2026-07-18"
"xhs-6a56e7b600000000110148b6","小红书","中国","中文","小琪.","昨天 11:01","今天名创优品居然99-65，凑单教程来啦","https://www.rednote.com/explore/6a56e7b600000000110148b6","单条内容页","搜索卡片可见点赞","4","今天名创优品居然99-65，凑单教程来啦","未读取评论；仅按公开标题/摘要编码","中性","购买中","促销与价格","促销门槛与价格敏感","2","高","促销规则模拟器与可解释凑单方案","B-搜索结果卡片","是","2026-07-18"
"xhs-69855fd1000000000b013ae9","小红书","中国","中文","玻璃心","02-06","名创优品 99-40","https://www.rednote.com/explore/69855fd1000000000b013ae9","单条内容页","搜索卡片可见点赞","87","名创优品 99-40","未读取评论；仅按公开标题/摘要编码","中性","购买中","促销与价格","促销门槛与价格敏感","2","高","促销规则模拟器与可解释凑单方案","B-搜索结果卡片","是","2026-07-18"
"xhs-6a58db1d000000000f012739","小红书","中国","中文","麻辣虾球","1天前","名创优品99➖40我买了啥好物","https://www.rednote.com/explore/6a58db1d000000000f012739","单条内容页","搜索卡片可见点赞","1","名创优品99➖40我买了啥好物","未读取评论；仅按公开标题/摘要编码","正向","发现/比较","生活日用","高频使用与复购价值","2","高","高频任务型单品池与复购验证","B-搜索结果卡片","是","2026-07-18"
"xhs-6a587b1b000000000101d7d3","小红书","中国","中文","A～","1天前","名创优品99-65买到了！","https://www.rednote.com/explore/6a587b1b000000000101d7d3","单条内容页","搜索卡片可见点赞","1","名创优品99-65买到了！","未读取评论；仅按公开标题/摘要编码","中性","购买中","促销与价格","促销门槛与价格敏感","2","高","促销规则模拟器与可解释凑单方案","B-搜索结果卡片","是","2026-07-18"
"xhs-6a38f226000000002100a81a","小红书","中国","中文","MINISO名创优品","06-22","竖起耳朵听！太神奇了……","https://www.rednote.com/explore/6a38f226000000002100a81a","单条内容页","搜索卡片可见点赞","26000","竖起耳朵听！太神奇了……","未读取评论；仅按公开标题/摘要编码","中性","发现/比较","综合/其他","产品发现与购买决策","2","中","高频任务型单品池与复购验证","B-搜索结果卡片","是","2026-07-18"
"xhs-6a58ade0000000000f01c800","小红书","中国","中文","香香薯饼（省钱版）","1天前","名创优品今天99-40啦😃","https://www.rednote.com/explore/6a58ade0000000000f01c800","单条内容页","搜索卡片可见点赞","","名创优品今天99-40啦😃","未读取评论；仅按公开标题/摘要编码","中性","购买中","促销与价格","促销门槛与价格敏感","2","高","促销规则模拟器与可解释凑单方案","B-搜索结果卡片","是","2026-07-18"
"xhs-6a59c3e300000000050384d6","小红书","中国","中文","抠门富婆小p（攻略版）","昨天 13:55","名创优品99-40(已回购5次)","https://www.rednote.com/explore/6a59c3e300000000050384d6","单条内容页","搜索卡片可见点赞","","名创优品99-40(已回购5次)","未读取评论；仅按公开标题/摘要编码","正向","购买中","生活日用","促销门槛与价格敏感","2","高","促销规则模拟器与可解释凑单方案","B-搜索结果卡片","是","2026-07-18"
"xhs-6a59a96600000000140050b0","小红书","中国","中文","成为瘦子的一天","昨天 12:02","名创优品返场啦‼️99-65无套路，支招！","https://www.rednote.com/explore/6a59a96600000000140050b0","单条内容页","搜索卡片可见点赞","1","名创优品返场啦‼️99-65无套路，支招！","未读取评论；仅按公开标题/摘要编码","中性","购买中","促销与价格","促销门槛与价格敏感","2","高","促销规则模拟器与可解释凑单方案","B-搜索结果卡片","是","2026-07-18"
"xhs-6a584b3500000000010328eb","小红书","中国","中文","欢米妮妮","1天前","名创优品99-65终于来啦❗️给女神们支招啦！","https://www.rednote.com/explore/6a584b3500000000010328eb","单条内容页","搜索卡片可见点赞","3","名创优品99-65终于来啦❗️给女神们支招啦！","未读取评论；仅按公开标题/摘要编码","中性","购买中","促销与价格","促销门槛与价格敏感","2","高","促销规则模拟器与可解释凑单方案","B-搜索结果卡片","是","2026-07-18"
"xhs-6a5723ce0000000007023934","小红书","中国","中文","ss🥕","2天前","中央大街这家超大的miniso开业了","https://www.rednote.com/explore/6a5723ce0000000007023934","单条内容页","搜索卡片可见点赞","82","中央大街这家超大的miniso开业了","未读取评论；仅按公开标题/摘要编码","中性","到店体验","门店体验","门店分级与逛店体验","2","高","店型承诺、货盘与陈列一致性检查","B-搜索结果卡片","是","2026-07-18"
"bili-BV14Q4y127jm","哔哩哔哩","中国","中文","","2021-08-11","名创优品香水红黑榜，20就能买到香奈儿平替？","https://www.bilibili.com/video/BV14Q4y127jm/","单条内容页","播放量","952000","49.9元花香款被评价过甜；39.9元系列在瓶身质感和花果/柑橘奶香上表现突出；15元滚珠香便携。","以价格带和香型拆分红黑榜；平替叙事有效但需避免过度承诺","混合/待判断","发现/比较","香氛","性价比与价格锚点","3","高","价格带-功能价值联合测试","B-视频页摘要","是","2026-07-18"
"bili-BV114411y7dz","哔哩哔哩","中国","中文","","2019-09-06","平民窟女孩大解放｜名创优品香水全测评","https://www.bilibili.com/video/BV114411y7dz/","单条内容页","播放量","58000","一次性测评约40支、最高价不到40元，用户需求集中在平价香水与大牌替代。","平价香水、全线对比和香型教育","正向","发现/比较","香氛","性价比与价格锚点","2","高","价格带-功能价值联合测试","B-视频页摘要","是","2026-07-18"
"bili-BV1k9Z5BREKz","哔哩哔哩","中国","中文","","2026-02","9.9元名创真赛大牌吗？神似5星酒店？","https://www.bilibili.com/video/BV1k9Z5BREKz/","单条内容页","","","15款名创香水深度测评，以9.9元和酒店香/大牌平替作为点击锚点。","低价试错、场景香型、相似度验证","混合/待判断","发现/比较","香氛","香型偏好与预期管理","3","高","香型描述标准化与小样/试闻验证","C-搜索摘要","是","2026-07-18"
"bili-BV1VrY9enEmH","哔哩哔哩","中国","中文","","2024","名创优品家的无火香薰很主观的测评","https://www.bilibili.com/video/BV1VrY9enEmH/","单条内容页","","","无火香薰主观测评，说明香氛品类需要标准化描述同时保留主观差异。","香型主观性、扩香和持久度","混合/待判断","发现/比较","香氛","香型偏好与预期管理","3","高","香型描述标准化与小样/试闻验证","C-搜索摘要","是","2026-07-18"
"bili-BV1nx411j78T","哔哩哔哩","中国","中文","","2017-11-05","测评｜名创优品的护肤品能不能用？","https://www.bilibili.com/video/BV1nx411j78T/","单条内容页","播放量","147000","一次买十余款护肤品，结论是未发现明显高价值单品，提醒低价不等于有效。","配方、功效、敏感肌安全与低价预期","负向","发现/比较","彩妆个护","效果、色号与新手友好","4","高","色号、肤质与新手任务场景共创","B-视频页摘要","是","2026-07-18"
"bili-BV1ZPN7z3Ep7","哔哩哔哩","中国","中文","","2025-06-18","做这样的周边可以但没必要……","https://www.bilibili.com/video/BV1ZPN7z3Ep7/","单条内容页","播放量","113000","名侦探柯南联名发光盲盒的功能设计造成意外惊吓，被评价为没有必要。","功能惊喜变成负面体验；联名功能必须符合角色和安全预期","负向","发现/比较","IP潮玩","角色偏好与IP情绪价值","4","高","按角色而非系列预测需求","B-视频页摘要","是","2026-07-18"
"bili-BV1KE411q7CG","哔哩哔哩","中国","中文","","2019-11-07","名创优品芝麻街联名盲盒开箱","https://www.bilibili.com/video/BV1KE411q7CG/","单条内容页","播放量","1661","开箱者认为该联名盲盒外观与质量不错。","联名吸引与做工正反馈","正向","使用后/售后","IP潮玩","质量与耐用性","2","高","高风险SKU质量红线与上市前压力测试","B-视频页摘要","是","2026-07-18"
"bili-BV1BXR1YiENr","哔哩哔哩","中国","中文","","2025-04-07","183.9元端盒带走史迪仔复古邮票盲盒","https://www.bilibili.com/video/BV1BXR1YiENr/","单条内容页","播放量","23","6个不重复并含隐藏款，传播点是端盒价格、创意造型和礼赠场景。","低互动推广型内容；端盒价格和不重复规则是核心","正向","发现/比较","IP潮玩","性价比与价格锚点","2","高","价格带-功能价值联合测试","C-低互动视频摘要","是","2026-07-18"
"douyin-jennie-restock","抖音","中国","中文","","2026-03-27","Jennie联名补货时间","https://www.douyin.com/shipin/7621730411631085608","主题/聚合页含相关视频","点赞","195","广州补货、代购和开箱信息；消费者在15分钟选购窗口内先抢后看。","热门款缺货、排队、代购、补货日期和快速决策压力","混合/待判断","购买前/到店","IP潮玩","可获得性与库存透明","3","高","区域-门店-角色级库存热力与补货预警","B-抖音聚合页","是","2026-07-18"
"douyin-jennie-tote","抖音","中国","中文","","2026-03","Jennie联名托特包实物与断货反馈","https://www.douyin.com/shipin/7621730411631085608","聚合页中的相关视频，非独立URL","相关视频可见点赞","12000","排队两小时一度断货；托特包40x28cm、柔软、容量大，但没有肩带。","尺寸、容量、材质、配件缺失与断货","混合/待判断","购买前/到店","IP潮玩","可获得性与库存透明","3","高","区域-门店-角色级库存热力与补货预警","C-聚合页摘要","是","2026-07-18"
"douyin-jennie-queue","抖音","中国","中文","","2026-03","Jennie联名线下排队与15分钟选购","https://www.douyin.com/shipin/7621730411631085608","聚合页中的相关视频，非独立URL","","","排队约1.5小时，热门丝巾临时补货；用户偏好大容量托特包和实用耳机包。","排队成本、临时补货、实用性与粉丝冲动购买","混合/待判断","购买前/到店","IP潮玩","可获得性与库存透明","3","高","区域-门店-角色级库存热力与补货预警","C-聚合页摘要","是","2026-07-18"
"douyin-makeup-100","抖音","中国","中文","","2025","挑战100元名创优品全套彩妆上脸大测评","https://www.douyin.com/topic/7637656390257035300","主题页中的视频，非独立URL","点赞","1940","用100元完成全套彩妆上脸，直接检验平价彩妆效果。","预算约束、全套任务和上脸效果","混合/待判断","发现/比较","彩妆个护","性价比与价格锚点","3","高","价格带-功能价值联合测试","C-主题页摘要","是","2026-07-18"
"douyin-makeup-blind","抖音","中国","中文","","2026","名创优品盲买自营彩妆测评","https://www.douyin.com/topic/7637656390257035300","主题页中的视频，非独立URL","点赞","59","不预选具体产品，盲买自营彩妆后进行真实测评。","自营品牌信任、踩雷概率和低价试错","混合/待判断","发现/比较","彩妆个护","效果、色号与新手友好","3","高","色号、肤质与新手任务场景共创","C-主题页摘要","是","2026-07-18"
"douyin-charger","抖音","中国","中文","","2024","名创优品充电宝质量怎么样","https://www.douyin.com/shipin/7396490448698787840","单条内容页","","","将名创七千猫充电宝与罗马仕10000mAh产品对比。","容量、品牌信任与数码产品质量","混合/待判断","使用后/售后","数码小电","质量与耐用性","3","高","高风险SKU质量红线与上市前压力测试","C-搜索摘要","是","2026-07-18"
"weibo-member-checkout","微博","中国","中文","","2026-06","名创优品不是会员不能买单","https://weibo.com/a/hot/372d3eddafd98947_0.html?type=grab","单条内容页","热搜页可见互动","2159","消费者称购买普通发夹、毛巾等也被要求注册会员，年龄较大用户操作不友好。","结账前强制注册、规则从限量潮玩外溢到普通商品、数字门槛","负向","购买中","品牌与服务","结账摩擦与会员规则","4","高","统一会员规则并在结账前解释限制","A-微博热搜聚合","是","2026-07-18"
"weibo-gender-marketing","微博","中国","中文","","2026-07","名创优品推广视频含偷窥女性剧情引发争议","https://weibo.com/2/detail/5320926360769318","单条内容页","","","推广视频将偷窥情节娱乐化，品牌下架内容并终止合作；同帖还汇总湿厕纸用语和会员争议。","女性安全、品牌价值观、内容审核和危机响应","负向","购买中","品牌与服务","结账摩擦与会员规则","4","高","统一会员规则并在结账前解释限制","A-微博正文","是","2026-07-18"
"weibo-apology-video","微博","中国","中文","","2026-07","名创优品就合作博主低俗推广致歉","https://weibo.com/2/detail/5320647039519948","单条内容页","视频播放","415000","大量用户公开谴责将偷窥当作娱乐桥段，要求下架并追责。","内容安全红线与公开追责","负向","发现/比较","品牌与服务","品牌价值观与内容审核","4","中","营销内容安全审查Agent","A-微博正文","是","2026-07-18"
"weibo-member-gift","微博","中国","中文","","2025-08","时代少年团满赠物料漏掉成员形象后的致歉与换货","https://www.weibo.com/2205447082/PETZx8sfq","单条内容页","","","满赠物料遗漏一名成员形象，官方致歉并提供问题赠品更换。","粉丝对具体成员完整呈现高度敏感；赠品也需要质量/内容校验","负向","使用后/售后","IP潮玩","质量与耐用性","4","高","高风险SKU质量红线与上市前压力测试","A-品牌微博","是","2026-07-18"
"weibo-chiikawa-demand","微博","中国","中文","","2025-03","Chiikawa粉丝在品牌社媒评论区催联名","https://weibo.com/ttarticle/p/show?id=2309405147680363119280","单条内容页","","","公开文章记载粉丝在小红书评论区强烈期待Chiikawa联名，品牌随后快速预热上线。","用户主动催联名、IP热点生命周期短、角色需求需要快速响应","正向","发现/比较","IP潮玩","角色偏好与IP情绪价值","2","高","按角色而非系列预测需求","B-社交平台文章二手引述","是","2026-07-18"
"weibo-ip-liked-not-product","微博","中国","中文","","2025-03","消费者购买IP产品时喜欢的是IP而非产品本身","https://weibo.com/ttarticle/p/show?id=2309405147680363119280","单条内容页","","","文章指出IP溢价和低线市场务实需求存在张力，热IP并不自动等于好产品。","IP吸引与产品力需要拆分评估","混合/待判断","发现/比较","IP潮玩","角色偏好与IP情绪价值","3","高","按角色而非系列预测需求","B-社交平台文章分析","是","2026-07-18"
"reddit-1so8vmb","Reddit","海外","英文","","2026-04-17","The PPG Miniso blind boxes are high key trash","https://www.reddit.com/r/blindbox/comments/1so8vmb/discussion_the_ppg_miniso_blind_boxes_are_high/","单条内容页","帖子赞","23","Powerpuff Girls毛绒盲盒面部不错，但整体缝制和结构被评价为低质量。","实际做工不及包装/图片；角色版本偏好；价格损失感","负向","使用后/售后","IP潮玩","质量与耐用性","4","高","高风险SKU质量红线与上市前压力测试","A-帖子及公开评论","是","2026-07-18"
"reddit-1my4sif","Reddit","海外","英文","","2025-08-23","Disappointed with Miniso blind boxes","https://www.reddit.com/r/MINISO/comments/1my4sif/disappointed/","单条内容页","帖子赞","46","两盒税后54美元，成品质感像快餐玩具；包装和线上图片显得更高级。","价格-质量错配、开盒后不可退、破损换货不确定","负向","使用后/售后","IP潮玩","质量与耐用性","4","高","高风险SKU质量红线与上市前压力测试","A-帖子及公开评论","是","2026-07-18"
"reddit-1jz1qt5","Reddit","海外","英文","","2025-04-14","I bought a fake blind box in store","https://www.reddit.com/r/MINISO/comments/1jz1qt5","单条内容页","帖子赞","44","消费者称门店购买的Sanrio盲盒疑似假货/严重品控异常，包装有授权标但成品缺关键元素。","真伪、包装防伪、门店责任和客服无响应","负向","使用后/售后","IP潮玩","原创性/真伪信任","4","中","包装防伪、授权标识与售后闭环","A-帖子及公开评论","是","2026-07-18"
"reddit-1pp4kik","Reddit","海外","英文","","2025-12-17","Blind box fake vs real","https://www.reddit.com/r/MINISO/comments/1pp4kik/blind_box_fake_vs_real/","单条内容页","帖子赞","2","Stitch盲盒不同包装版本让消费者无法判断真伪。","印刷质量、开盒拉条、防伪识别和渠道可信度","混合/待判断","使用后/售后","IP潮玩","原创性/真伪信任","3","中","包装防伪、授权标识与售后闭环","A-帖子及公开评论","是","2026-07-18"
"reddit-1pgi9zb","Reddit","海外","英文","","2025-12-07","Is she real?","https://www.reddit.com/r/MINISO/comments/1pgi9zb/is_she_real/","单条内容页","帖子赞","4","My Melody盲盒颜色、包装与质量引发真伪判断。","颜色一致性、正确包装和二手渠道风险","负向","使用后/售后","IP潮玩","原创性/真伪信任","4","中","包装防伪、授权标识与售后闭环","A-帖子及公开评论","是","2026-07-18"
"reddit-1uujyry","Reddit","海外","英文","","2026-07-12","Can you identify the figure in a Miniso blind box?","https://www.reddit.com/r/MINISO/comments/1uujyry/can_you_identify_the_figure_in_a_miniso_blind_box/","单条内容页","帖子赞","0","用户想获得特定角色但不愿购买约30盒，认为价格高；评论讨论称重和二手购买。","重复购买成本、角色定向需求、称重攻略、帽子易掉","混合/待判断","使用后/售后","IP潮玩","质量与耐用性","3","高","高风险SKU质量红线与上市前压力测试","A-帖子及公开评论","是","2026-07-18"
"reddit-1s2uakh","Reddit","海外","英文","","2026-03-24","What does Miniso sell and is it cheap?","https://www.reddit.com/r/MINISO/comments/1s2uakh/miniso/","单条内容页","帖子赞","2","用户认为大多数品类价格合理，但盲盒偏贵；不同门店同一IP的货品完整度差异很大。","可爱导致超预算；盲盒价格；门店货盘差异；生活日用发现","混合/待判断","到店体验","门店体验","性价比与价格锚点","3","高","价格带-功能价值联合测试","A-帖子及公开评论","是","2026-07-18"
"reddit-1tftiz4","Reddit","海外","英文","","2026-05-17","Is this real or a fake?","https://www.reddit.com/r/MINISO/comments/1tftiz4/is_this_real_or_a_fake/","单条内容页","帖子赞","8","Scrump公仔外观和包装标签引发真假争议，评论用购买渠道、二维码贴和包装袋判断。","防伪标识不统一、渠道教育和仓库瑕疵边界","混合/待判断","使用后/售后","IP潮玩","原创性/真伪信任","3","中","包装防伪、授权标识与售后闭环","A-帖子及公开评论","是","2026-07-18"
"reddit-1ufjy58","Reddit","海外","英文","","2026-06-25","Fake or legit Stitch?","https://www.reddit.com/r/MINISO/comments/1ufjy58/fake_or_legit_stitch/","单条内容页","帖子赞","2","自动售货机购买的Stitch颜色偏差，用户依赖原盒和授权标识判断。","非门店渠道、价格异常和原盒保留","混合/待判断","使用后/售后","IP潮玩","原创性/真伪信任","3","中","包装防伪、授权标识与售后闭环","A-帖子及公开评论","是","2026-07-18"
"reddit-1t0jcyt","Reddit","海外","英文","","2026-05-01","Which blind box brand has the best quality?","https://www.reddit.com/r/PopMartCollectors/comments/1t0jcyt/which_blind_box_brand_has_the_best_quality/","单条内容页","帖子赞","15","有用户认为近期Miniso部分Sanrio盲盒很可爱且有重量感，但价格仍高。","质量可达到正向惊喜；与Pop Mart等品牌横向比较","正向","使用后/售后","IP潮玩","质量与耐用性","2","高","高风险SKU质量红线与上市前压力测试","A-帖子及公开评论","是","2026-07-18"
"reddit-1kjogi7","Reddit","海外","英文","","2025-05-11","Blind box manufacture error","https://www.reddit.com/r/MINISO/comments/1kjogi7","单条内容页","帖子赞","35","Baby Three随机脸部组合被误认为制造错误，后由社区解释为产品规则。","规则说明不足会被误判为品控问题","混合/待判断","发现/比较","IP潮玩","角色偏好与IP情绪价值","3","高","按角色而非系列预测需求","A-帖子及公开评论","是","2026-07-18"
"reddit-1ri69ve","Reddit","海外","英文","","2026-03","Miniso Kuromi","https://www.reddit.com/r/MINISO/comments/1ri69ve/miniso_kuromi/","单条内容页","","","用户喜欢Kuromi盲盒，但认为TopToy生产质量明显更高。","同集团/竞品质量对比","混合/待判断","使用后/售后","IP潮玩","质量与耐用性","3","高","高风险SKU质量红线与上市前压力测试","B-搜索摘要","是","2026-07-18"
"tp-2026-07-07","Trustpilot","海外","英文","","2026-07-07","Blind box sold without explaining random/final-sale rules","https://www.trustpilot.com/review/www.miniso.com","单条内容页","星级","1","为6岁儿童购买公主娃娃时未被告知是随机盲盒且不可退，开出形象令儿童害怕。","导购不解释盲盒规则、年龄适配和最终销售政策","负向","发现/比较","IP潮玩","角色偏好与IP情绪价值","4","高","按角色而非系列预测需求","A-公开评价页","是","2026-07-18"
"tp-2026-06-30","Trustpilot","海外","英文","","2026-06-30","Faulty charging cord not replaced","https://www.trustpilot.com/review/www.miniso.com","单条内容页","星级","1","长期顾客购买的充电线有一条失效，但因无盒无票被拒换。","低价电子品故障、凭证要求和门店换货","负向","发现/比较","数码小电","产品发现与购买决策","4","中","高频任务型单品池与复购验证","A-公开评价页","是","2026-07-18"
"tp-2026-06-28","Trustpilot","海外","英文","","2026-06-28","Bottle straw fell off and bottle cracked","https://www.trustpilot.com/review/www.miniso.com","单条内容页","星级","1","水杯购买数分钟后吸管掉落并出现裂纹，门店拒绝处理。","结构耐用性、即时故障和责任归属","负向","使用后/售后","生活日用","质量与耐用性","4","高","高风险SKU质量红线与上市前压力测试","A-公开评价页","是","2026-07-18"
"tp-2026-06-13","Trustpilot","海外","英文","","2026-06-13","HQ turned a sour experience sweet","https://www.trustpilot.com/review/www.miniso.com","单条内容页","星级","5","杯子7天内变形且门店拒换，总部介入后完成更换并挽回常客。","总部补救能恢复信任，但门店执行不一致","混合/待判断","发现/比较","生活日用","产品发现与购买决策","3","中","高频任务型单品池与复购验证","A-公开评价页","是","2026-07-18"
"tp-2026-06-08","Trustpilot","海外","英文","","2026-06-08","Helpful store employees","https://www.trustpilot.com/review/www.miniso.com","单条内容页","星级","5","Wellington门店员工积极帮助顾客。","现场服务正反馈","正向","到店体验","门店体验","门店分级与逛店体验","2","高","店型承诺、货盘与陈列一致性检查","A-公开评价页","是","2026-07-18"
"tp-2026-06-06","Trustpilot","海外","英文","","2026-06-06","Earbuds disconnect and die","https://www.trustpilot.com/review/www.miniso.com","单条内容页","星级","1","耳机充电后播放数分钟即反复断连，左右耳先后没电。","连接稳定性与续航失效","负向","发现/比较","数码小电","产品发现与购买决策","4","中","高频任务型单品池与复购验证","A-公开评价页","是","2026-07-18"
"tp-2026-03-23","Trustpilot","海外","英文","","2026-03-23","No customer-service response for two months","https://www.trustpilot.com/review/www.miniso.com","单条内容页","星级","1","连续三次联系支持，两个月无回复。","客服不可达和售后响应时效","负向","发现/比较","品牌与服务","产品发现与购买决策","4","中","高频任务型单品池与复购验证","A-公开评价页","是","2026-07-18"
"tp-2026-03-05","Trustpilot","海外","英文","","2026-03-05","Online order marked shipped without tracking","https://www.trustpilot.com/review/www.miniso.com","单条内容页","星级","1","线上订单无追踪且迟迟未到，多次提交客服表单无回应。","物流透明度、在线客服和退款路径","负向","发现/比较","品牌与服务","产品发现与购买决策","4","中","高频任务型单品池与复购验证","A-公开评价页","是","2026-07-18"
"tp-2026-01-11","Trustpilot","海外","英文","","2026-01-11","Membership points could not be added after payment","https://www.trustpilot.com/review/www.miniso.com","单条内容页","星级","2","结账前未解释会员积分，付款后无法补登，线上库存也被评价为不足。","会员引导时机、积分补登和线上库存","负向","购买中","品牌与服务","结账摩擦与会员规则","4","高","统一会员规则并在结账前解释限制","A-公开评价页","是","2026-07-18"
"tp-2025-12-14","Trustpilot","海外","英文","","2025-12-14","Store did not follow its return policy","https://www.trustpilot.com/review/www.miniso.com","单条内容页","星级","1","收据和店内政策写明7天内可退未开封商品，但经理仍拒绝。","书面政策与门店执行不一致","负向","发现/比较","品牌与服务","产品发现与购买决策","4","中","高频任务型单品池与复购验证","A-公开评价页","是","2026-07-18"
"tp-2025-12-19","Trustpilot","海外","英文","","2025-12-19","No order confirmation or customer-service response","https://www.trustpilot.com/review/www.miniso.com","单条内容页","星级","1","葡萄牙线上订单支付后无确认邮件，电话和邮件均无响应。","订单确认、客服可达性和跨市场履约","负向","发现/比较","品牌与服务","产品发现与购买决策","4","中","高频任务型单品池与复购验证","A-公开评价页","是","2026-07-18"
"tp-2025-10-17","Trustpilot","海外","英文","","2025-10-17","Franchise locations not connected for returns","https://www.trustpilot.com/review/www.miniso.com","单条内容页","星级","1","消费者称不同加盟门店系统不互通，许多商品不可退。","加盟门店售后割裂和跨店退换","负向","使用后/售后","品牌与服务","质量与耐用性","4","高","高风险SKU质量红线与上市前压力测试","B-评价页摘要","是","2026-07-18"
"google-hcm-1","Google Reviews/Wanderlog","越南","英文","","2025-10-18","Good store great service","https://wanderlog.com/place/details/6421998/miniso","单条内容页","星级","5","门店服务良好。","服务正反馈","正向","到店体验","门店体验","门店分级与逛店体验","2","高","店型承诺、货盘与陈列一致性检查","B-Google评价聚合","是","2026-07-18"
"google-hcm-2","Google Reviews/Wanderlog","越南","英文","","2018-06-09","Cute goods but slightly higher price","https://wanderlog.com/place/details/6421998/miniso","单条内容页","星级","4","商品可爱，但价格略高于其他门店。","可爱溢价与价格敏感","混合/待判断","发现/比较","综合/其他","性价比与价格锚点","3","高","价格带-功能价值联合测试","B-Google评价聚合","是","2026-07-18"
"google-hcm-3","Google Reviews/Wanderlog","越南","英文","","2023-07-01","I love this cute store","https://wanderlog.com/place/details/6421998/miniso","单条内容页","星级","5","可爱陈列带来强门店喜爱。","视觉吸引和逛店愉悦","正向","到店体验","门店体验","门店分级与逛店体验","2","高","店型承诺、货盘与陈列一致性检查","B-Google评价聚合","是","2026-07-18"
"bbb-2024-01-21","BBB Reviews","美国","英文","","2024-01-21","Defective toy exchange refused","https://www.bbb.org/us/ny/new-york/profile/department-stores/miniso-usa-0121-87160501/customer-reviews","单条内容页","星级","1","购买不到24小时的破损玩具被拒绝换货，门店称问题属于公司而非门店。","缺陷品、7天政策和门店责任推诿","负向","使用后/售后","IP潮玩","质量与耐用性","4","高","高风险SKU质量红线与上市前压力测试","A-公开评价页","是","2026-07-18"
"bbb-2024-05-09","BBB Reviews","美国","英文","","2024-05-09","Return policy on receipt not honored","https://www.bbb.org/us/ny/new-york/profile/department-stores/miniso-usa-0121-87160501/customer-reviews","单条内容页","星级","1","消费者按收据退货政策操作仍被拒，且无法获得上级联系方式。","退货规则执行和升级投诉路径","负向","发现/比较","品牌与服务","产品发现与购买决策","4","中","高频任务型单品池与复购验证","A-公开评价页","是","2026-07-18"
